--------------------------------------------------------
-- Archivo creado  - viernes-mayo-19-2023   
--------------------------------------------------------
--------------------------------------------------------
--  DDL for Type TDETALLE_PEDIDO
--------------------------------------------------------

  CREATE OR REPLACE NONEDITIONABLE TYPE "1234"."TDETALLE_PEDIDO" AS OBJECT (
ID_DETALLE VARCHAR(40),
ID_PEDIDO INTEGER,
ID_PRODUCTO INTEGER,
MEMBER FUNCTION getInformacionDetallePedido RETURN VARCHAR2
);
/
CREATE OR REPLACE NONEDITIONABLE TYPE BODY "1234"."TDETALLE_PEDIDO" AS
    MEMBER FUNCTION getInformacionDetallePedido RETURN VARCHAR2 IS
        vInformacion VARCHAR2(100);
    BEGIN
        vInformacion := 'Detalle Pedido: ' || self.ID_DETALLE || ', Pedido: ' || self.ID_PEDIDO || ', Producto: ' || self.ID_PRODUCTO;
        RETURN vInformacion;
    END;
END;

/
--------------------------------------------------------
--  DDL for Type TEMPRESA
--------------------------------------------------------

  CREATE OR REPLACE NONEDITIONABLE TYPE "1234"."TEMPRESA" AS OBJECT (
CIF CHAR(9),
NOMBRE VARCHAR(50),
DIRECCION VARCHAR(50),
TELEFONO INTEGER,
EMAIL VARCHAR(30),
CUENTA_BANCARIA VARCHAR(40),
MEMBER FUNCTION getDireccionCompleta RETURN VARCHAR2
);
/
CREATE OR REPLACE NONEDITIONABLE TYPE BODY "1234"."TEMPRESA" AS
    MEMBER FUNCTION getDireccionCompleta RETURN VARCHAR2 IS
    BEGIN
        RETURN self.CIF || ':' || self.DIRECCION;
  END;
END;

/
--------------------------------------------------------
--  DDL for Type TFACTURA
--------------------------------------------------------

  CREATE OR REPLACE NONEDITIONABLE TYPE "1234"."TFACTURA" AS OBJECT (
ID_FACTURA INTEGER,
FECHA_EMISION VARCHAR(20),
MONTO_TOTAL FLOAT
);    

/
--------------------------------------------------------
--  DDL for Type TPEDIDO
--------------------------------------------------------

  CREATE OR REPLACE NONEDITIONABLE TYPE "1234"."TPEDIDO" AS OBJECT (
ID_PEDIDO INTEGER,
CIF CHAR(9),
ID_FACTURA INTEGER,
ID_TRANSPORTISTA_RECOGIDA INTEGER,
ID_TRANSPORTISTA_ENTREGA INTEGER,
DIRECCION_RECOGIDA VARCHAR(50),
DIRECCION_ENTREGA VARCHAR(50),
FECHA_RECOGIDA VARCHAR(20),
FECHA_ENTREGA VARCHAR(20),
ESTADO VARCHAR(20),
MEMBER FUNCTION getInformacionPedido RETURN VARCHAR2
);
/
CREATE OR REPLACE NONEDITIONABLE TYPE BODY "1234"."TPEDIDO" AS
    MEMBER FUNCTION getInformacionPedido RETURN VARCHAR2 IS
        vInformacion VARCHAR2(400);
    BEGIN
        vInformacion := 'Pedido: ' || self.ID_PEDIDO || ', CIF: ' || self.CIF || ', Factura: ' || self.ID_FACTURA || ', Transportista Recogida: ' || self.ID_TRANSPORTISTA_RECOGIDA || ', Transportista Entrega: ' || self.ID_TRANSPORTISTA_ENTREGA || ', Dirección Recogida: ' || self.DIRECCION_RECOGIDA || ', Dirección Entrega: ' || self.DIRECCION_ENTREGA || ', Fecha Recogida: ' || self.FECHA_RECOGIDA || ', Fecha Entrega: ' || self.FECHA_ENTREGA || ', Estado: ' || self.ESTADO;
        RETURN vInformacion;
    END;
END;

/
--------------------------------------------------------
--  DDL for Type TPRODUCTO
--------------------------------------------------------

  CREATE OR REPLACE NONEDITIONABLE TYPE "1234"."TPRODUCTO" AS OBJECT (
ID_PRODUCTO INTEGER,
NOMBRE VARCHAR(30),
DESCRIPCION VARCHAR(50),
PRECIO FLOAT,
DISPONIBLE VARCHAR(10),
MEMBER FUNCTION getCalcularDescuento RETURN FLOAT
);
/
CREATE OR REPLACE NONEDITIONABLE TYPE BODY "1234"."TPRODUCTO" AS
    MEMBER FUNCTION getCalcularDescuento RETURN FLOAT IS
        vDescuento FLOAT;
    BEGIN
        if (descripcion = 'Vestuario') then
            vDescuento := PRECIO * (10 / 100);
        else
            vDescuento := 0;
        end if;
        RETURN self.PRECIO - vDescuento;
    END;
END;

/
--------------------------------------------------------
--  DDL for Type TTRANSPORTISTA
--------------------------------------------------------

  CREATE OR REPLACE NONEDITIONABLE TYPE "1234"."TTRANSPORTISTA" AS OBJECT (
ID_TRANSPORTISTA INTEGER,
NOMBRE VARCHAR(30),
MATRICULA_VEHICULO VARCHAR(10),
TELEFONO INTEGER,
MEMBER FUNCTION getInformacionTransportista RETURN VARCHAR2
);
/
CREATE OR REPLACE NONEDITIONABLE TYPE BODY "1234"."TTRANSPORTISTA" AS
    MEMBER FUNCTION getInformacionTransportista RETURN VARCHAR2 IS
        vInformacion VARCHAR2(100);
    BEGIN
        vInformacion := 'Transportista: ' || self.NOMBRE || ', Matrícula Vehículo: ' || self.MATRICULA_VEHICULO || ', Teléfono: ' || self.TELEFONO;
        RETURN vInformacion;
    END;
END;

/
--------------------------------------------------------
--  DDL for Table DETALLE_PEDIDO
--------------------------------------------------------

  CREATE TABLE "1234"."DETALLE_PEDIDO" OF "1234"."TDETALLE_PEDIDO" 
 OIDINDEX  ( PCTFREE 10 INITRANS 2 MAXTRANS 255 
  STORAGE(INITIAL 65536 NEXT 1048576 MINEXTENTS 1 MAXEXTENTS 2147483645
  PCTINCREASE 0 FREELISTS 1 FREELIST GROUPS 1
  BUFFER_POOL DEFAULT FLASH_CACHE DEFAULT CELL_FLASH_CACHE DEFAULT)
  TABLESPACE "USERS" ) 
 SEGMENT CREATION IMMEDIATE 
  PCTFREE 10 PCTUSED 40 INITRANS 1 MAXTRANS 255 
 NOCOMPRESS LOGGING
  STORAGE(INITIAL 65536 NEXT 1048576 MINEXTENTS 1 MAXEXTENTS 2147483645
  PCTINCREASE 0 FREELISTS 1 FREELIST GROUPS 1
  BUFFER_POOL DEFAULT FLASH_CACHE DEFAULT CELL_FLASH_CACHE DEFAULT)
  TABLESPACE "USERS" ;
--------------------------------------------------------
--  DDL for Table EMPRESA
--------------------------------------------------------

  CREATE TABLE "1234"."EMPRESA" OF "1234"."TEMPRESA" 
 OIDINDEX  ( PCTFREE 10 INITRANS 2 MAXTRANS 255 
  STORAGE(INITIAL 65536 NEXT 1048576 MINEXTENTS 1 MAXEXTENTS 2147483645
  PCTINCREASE 0 FREELISTS 1 FREELIST GROUPS 1
  BUFFER_POOL DEFAULT FLASH_CACHE DEFAULT CELL_FLASH_CACHE DEFAULT)
  TABLESPACE "USERS" ) 
 SEGMENT CREATION IMMEDIATE 
  PCTFREE 10 PCTUSED 40 INITRANS 1 MAXTRANS 255 
 NOCOMPRESS LOGGING
  STORAGE(INITIAL 65536 NEXT 1048576 MINEXTENTS 1 MAXEXTENTS 2147483645
  PCTINCREASE 0 FREELISTS 1 FREELIST GROUPS 1
  BUFFER_POOL DEFAULT FLASH_CACHE DEFAULT CELL_FLASH_CACHE DEFAULT)
  TABLESPACE "USERS" ;
--------------------------------------------------------
--  DDL for Table FACTURA
--------------------------------------------------------

  CREATE TABLE "1234"."FACTURA" OF "1234"."TFACTURA" 
 OIDINDEX  ( PCTFREE 10 INITRANS 2 MAXTRANS 255 
  STORAGE(INITIAL 65536 NEXT 1048576 MINEXTENTS 1 MAXEXTENTS 2147483645
  PCTINCREASE 0 FREELISTS 1 FREELIST GROUPS 1
  BUFFER_POOL DEFAULT FLASH_CACHE DEFAULT CELL_FLASH_CACHE DEFAULT)
  TABLESPACE "USERS" ) 
 SEGMENT CREATION IMMEDIATE 
  PCTFREE 10 PCTUSED 40 INITRANS 1 MAXTRANS 255 
 NOCOMPRESS LOGGING
  STORAGE(INITIAL 65536 NEXT 1048576 MINEXTENTS 1 MAXEXTENTS 2147483645
  PCTINCREASE 0 FREELISTS 1 FREELIST GROUPS 1
  BUFFER_POOL DEFAULT FLASH_CACHE DEFAULT CELL_FLASH_CACHE DEFAULT)
  TABLESPACE "USERS" ;
--------------------------------------------------------
--  DDL for Table PEDIDO
--------------------------------------------------------

  CREATE TABLE "1234"."PEDIDO" OF "1234"."TPEDIDO" 
 OIDINDEX  ( PCTFREE 10 INITRANS 2 MAXTRANS 255 
  STORAGE(INITIAL 65536 NEXT 1048576 MINEXTENTS 1 MAXEXTENTS 2147483645
  PCTINCREASE 0 FREELISTS 1 FREELIST GROUPS 1
  BUFFER_POOL DEFAULT FLASH_CACHE DEFAULT CELL_FLASH_CACHE DEFAULT)
  TABLESPACE "USERS" ) 
 SEGMENT CREATION IMMEDIATE 
  PCTFREE 10 PCTUSED 40 INITRANS 1 MAXTRANS 255 
 NOCOMPRESS LOGGING
  STORAGE(INITIAL 65536 NEXT 1048576 MINEXTENTS 1 MAXEXTENTS 2147483645
  PCTINCREASE 0 FREELISTS 1 FREELIST GROUPS 1
  BUFFER_POOL DEFAULT FLASH_CACHE DEFAULT CELL_FLASH_CACHE DEFAULT)
  TABLESPACE "USERS" ;
--------------------------------------------------------
--  DDL for Table PRODUCTO
--------------------------------------------------------

  CREATE TABLE "1234"."PRODUCTO" OF "1234"."TPRODUCTO" 
 OIDINDEX  ( PCTFREE 10 INITRANS 2 MAXTRANS 255 
  STORAGE(INITIAL 65536 NEXT 1048576 MINEXTENTS 1 MAXEXTENTS 2147483645
  PCTINCREASE 0 FREELISTS 1 FREELIST GROUPS 1
  BUFFER_POOL DEFAULT FLASH_CACHE DEFAULT CELL_FLASH_CACHE DEFAULT)
  TABLESPACE "USERS" ) 
 SEGMENT CREATION IMMEDIATE 
  PCTFREE 10 PCTUSED 40 INITRANS 1 MAXTRANS 255 
 NOCOMPRESS LOGGING
  STORAGE(INITIAL 65536 NEXT 1048576 MINEXTENTS 1 MAXEXTENTS 2147483645
  PCTINCREASE 0 FREELISTS 1 FREELIST GROUPS 1
  BUFFER_POOL DEFAULT FLASH_CACHE DEFAULT CELL_FLASH_CACHE DEFAULT)
  TABLESPACE "USERS" ;
--------------------------------------------------------
--  DDL for Table TRANSPORTISTA
--------------------------------------------------------

  CREATE TABLE "1234"."TRANSPORTISTA" OF "1234"."TTRANSPORTISTA" 
 OIDINDEX  ( PCTFREE 10 INITRANS 2 MAXTRANS 255 
  STORAGE(INITIAL 65536 NEXT 1048576 MINEXTENTS 1 MAXEXTENTS 2147483645
  PCTINCREASE 0 FREELISTS 1 FREELIST GROUPS 1
  BUFFER_POOL DEFAULT FLASH_CACHE DEFAULT CELL_FLASH_CACHE DEFAULT)
  TABLESPACE "USERS" ) 
 SEGMENT CREATION IMMEDIATE 
  PCTFREE 10 PCTUSED 40 INITRANS 1 MAXTRANS 255 
 NOCOMPRESS LOGGING
  STORAGE(INITIAL 65536 NEXT 1048576 MINEXTENTS 1 MAXEXTENTS 2147483645
  PCTINCREASE 0 FREELISTS 1 FREELIST GROUPS 1
  BUFFER_POOL DEFAULT FLASH_CACHE DEFAULT CELL_FLASH_CACHE DEFAULT)
  TABLESPACE "USERS" ;
REM INSERTING into "1234".DETALLE_PEDIDO
SET DEFINE OFF;
Insert into "1234".DETALLE_PEDIDO (ID_DETALLE,ID_PEDIDO,ID_PRODUCTO) values ('ABC123','1','1');
Insert into "1234".DETALLE_PEDIDO (ID_DETALLE,ID_PEDIDO,ID_PRODUCTO) values ('DEF456','2','2');
Insert into "1234".DETALLE_PEDIDO (ID_DETALLE,ID_PEDIDO,ID_PRODUCTO) values ('GHI789','3','3');
Insert into "1234".DETALLE_PEDIDO (ID_DETALLE,ID_PEDIDO,ID_PRODUCTO) values ('JKL012','4','4');
Insert into "1234".DETALLE_PEDIDO (ID_DETALLE,ID_PEDIDO,ID_PRODUCTO) values ('MNO345','5','5');
REM INSERTING into "1234".EMPRESA
SET DEFINE OFF;
Insert into "1234".EMPRESA (CIF,NOMBRE,DIRECCION,TELEFONO,EMAIL,CUENTA_BANCARIA) values ('123456789','Cinesa','Calle Principal 123','923456789','cinesa@example.com','ES1234567890123456789012');
Insert into "1234".EMPRESA (CIF,NOMBRE,DIRECCION,TELEFONO,EMAIL,CUENTA_BANCARIA) values ('987654321','Galileo','Avenida Secundaria 456','987654321','galileo@example.com','ES9876543210987654321098');
Insert into "1234".EMPRESA (CIF,NOMBRE,DIRECCION,TELEFONO,EMAIL,CUENTA_BANCARIA) values ('456789123','Pablo Picaso','Calle Principal 789','956789123','pablopica@example.com','ES4567891230456789123045');
Insert into "1234".EMPRESA (CIF,NOMBRE,DIRECCION,TELEFONO,EMAIL,CUENTA_BANCARIA) values ('321654987','Lunatix','Avenida Secundaria 789','921654987','lunatix@example.com','ES3216549870321654987032');
Insert into "1234".EMPRESA (CIF,NOMBRE,DIRECCION,TELEFONO,EMAIL,CUENTA_BANCARIA) values ('654987321','Almas Vivas','Calle Principal 456','954987321','viva@example.com','ES6549873210654987321065');
REM INSERTING into "1234".FACTURA
SET DEFINE OFF;
Insert into "1234".FACTURA (ID_FACTURA,FECHA_EMISION,MONTO_TOTAL) values ('1','2023-05-01','100,5');
Insert into "1234".FACTURA (ID_FACTURA,FECHA_EMISION,MONTO_TOTAL) values ('2','2023-05-02','75,2');
Insert into "1234".FACTURA (ID_FACTURA,FECHA_EMISION,MONTO_TOTAL) values ('3','2023-05-03','50');
Insert into "1234".FACTURA (ID_FACTURA,FECHA_EMISION,MONTO_TOTAL) values ('4','2023-05-04','120,8');
Insert into "1234".FACTURA (ID_FACTURA,FECHA_EMISION,MONTO_TOTAL) values ('5','2023-05-05','90,6');
REM INSERTING into "1234".PEDIDO
SET DEFINE OFF;
Insert into "1234".PEDIDO (ID_PEDIDO,CIF,ID_FACTURA,ID_TRANSPORTISTA_RECOGIDA,ID_TRANSPORTISTA_ENTREGA,DIRECCION_RECOGIDA,DIRECCION_ENTREGA,FECHA_RECOGIDA,FECHA_ENTREGA,ESTADO) values ('1','123456789','1','1','1','Calle Julián Besteiro','Calle Principal 123','2023-05-02','2023-05-05','En proceso');
Insert into "1234".PEDIDO (ID_PEDIDO,CIF,ID_FACTURA,ID_TRANSPORTISTA_RECOGIDA,ID_TRANSPORTISTA_ENTREGA,DIRECCION_RECOGIDA,DIRECCION_ENTREGA,FECHA_RECOGIDA,FECHA_ENTREGA,ESTADO) values ('2','987654321','2','2','3','Calle Julián Besteiro','Avenida Secundaria 456','2023-05-03','2023-05-06','En proceso');
Insert into "1234".PEDIDO (ID_PEDIDO,CIF,ID_FACTURA,ID_TRANSPORTISTA_RECOGIDA,ID_TRANSPORTISTA_ENTREGA,DIRECCION_RECOGIDA,DIRECCION_ENTREGA,FECHA_RECOGIDA,FECHA_ENTREGA,ESTADO) values ('3','456789123','3','3','4','Calle Julián Besteiro','Calle Principal 789','2023-05-04','2023-05-07','En proceso');
Insert into "1234".PEDIDO (ID_PEDIDO,CIF,ID_FACTURA,ID_TRANSPORTISTA_RECOGIDA,ID_TRANSPORTISTA_ENTREGA,DIRECCION_RECOGIDA,DIRECCION_ENTREGA,FECHA_RECOGIDA,FECHA_ENTREGA,ESTADO) values ('4','321654987','4','4','5','Calle Julián Besteiro','Avenida Secundaria 789','2023-05-05','2023-05-08','En proceso');
Insert into "1234".PEDIDO (ID_PEDIDO,CIF,ID_FACTURA,ID_TRANSPORTISTA_RECOGIDA,ID_TRANSPORTISTA_ENTREGA,DIRECCION_RECOGIDA,DIRECCION_ENTREGA,FECHA_RECOGIDA,FECHA_ENTREGA,ESTADO) values ('5','654987321','5','5','2','Calle Julián Besteiro','Calle Principal 456','2023-05-06','2023-05-09','En proceso');
REM INSERTING into "1234".PRODUCTO
SET DEFINE OFF;
Insert into "1234".PRODUCTO (ID_PRODUCTO,NOMBRE,DESCRIPCION,PRECIO,DISPONIBLE) values ('1','Maqueta de Torre Eiffel','Maqueta','29,99','Sí');
Insert into "1234".PRODUCTO (ID_PRODUCTO,NOMBRE,DESCRIPCION,PRECIO,DISPONIBLE) values ('2','Gabardina medieval','Vestuario','39,99','Sí');
Insert into "1234".PRODUCTO (ID_PRODUCTO,NOMBRE,DESCRIPCION,PRECIO,DISPONIBLE) values ('3','Corona de rey','Vestuario','59,99','Sí');
Insert into "1234".PRODUCTO (ID_PRODUCTO,NOMBRE,DESCRIPCION,PRECIO,DISPONIBLE) values ('4','Roca de pega','Decoración','19,99','Sí');
Insert into "1234".PRODUCTO (ID_PRODUCTO,NOMBRE,DESCRIPCION,PRECIO,DISPONIBLE) values ('5','Reloj Clásico','Decoración','99,99','Sí');
REM INSERTING into "1234".TRANSPORTISTA
SET DEFINE OFF;
Insert into "1234".TRANSPORTISTA (ID_TRANSPORTISTA,NOMBRE,MATRICULA_VEHICULO,TELEFONO) values ('1','Juán Manuel','ABC123','687654321');
Insert into "1234".TRANSPORTISTA (ID_TRANSPORTISTA,NOMBRE,MATRICULA_VEHICULO,TELEFONO) values ('2','Roberto','DEF456','623456789');
Insert into "1234".TRANSPORTISTA (ID_TRANSPORTISTA,NOMBRE,MATRICULA_VEHICULO,TELEFONO) values ('3','Miguel','GHI789','756789123');
Insert into "1234".TRANSPORTISTA (ID_TRANSPORTISTA,NOMBRE,MATRICULA_VEHICULO,TELEFONO) values ('4','María','JKL012','721654987');
Insert into "1234".TRANSPORTISTA (ID_TRANSPORTISTA,NOMBRE,MATRICULA_VEHICULO,TELEFONO) values ('5','Juán Carlos','MNO345','654987321');
--------------------------------------------------------
--  DDL for Index SYS_C007299
--------------------------------------------------------

  CREATE UNIQUE INDEX "1234"."SYS_C007299" ON "1234"."EMPRESA" ("SYS_NC_OID$") 
  PCTFREE 10 INITRANS 2 MAXTRANS 255 COMPUTE STATISTICS 
  STORAGE(INITIAL 65536 NEXT 1048576 MINEXTENTS 1 MAXEXTENTS 2147483645
  PCTINCREASE 0 FREELISTS 1 FREELIST GROUPS 1
  BUFFER_POOL DEFAULT FLASH_CACHE DEFAULT CELL_FLASH_CACHE DEFAULT)
  TABLESPACE "USERS" ;
--------------------------------------------------------
--  DDL for Index SYS_C007300
--------------------------------------------------------

  CREATE UNIQUE INDEX "1234"."SYS_C007300" ON "1234"."EMPRESA" ("CIF") 
  PCTFREE 10 INITRANS 2 MAXTRANS 255 COMPUTE STATISTICS 
  STORAGE(INITIAL 65536 NEXT 1048576 MINEXTENTS 1 MAXEXTENTS 2147483645
  PCTINCREASE 0 FREELISTS 1 FREELIST GROUPS 1
  BUFFER_POOL DEFAULT FLASH_CACHE DEFAULT CELL_FLASH_CACHE DEFAULT)
  TABLESPACE "USERS" ;
--------------------------------------------------------
--  DDL for Index SYS_C007301
--------------------------------------------------------

  CREATE UNIQUE INDEX "1234"."SYS_C007301" ON "1234"."FACTURA" ("SYS_NC_OID$") 
  PCTFREE 10 INITRANS 2 MAXTRANS 255 COMPUTE STATISTICS 
  STORAGE(INITIAL 65536 NEXT 1048576 MINEXTENTS 1 MAXEXTENTS 2147483645
  PCTINCREASE 0 FREELISTS 1 FREELIST GROUPS 1
  BUFFER_POOL DEFAULT FLASH_CACHE DEFAULT CELL_FLASH_CACHE DEFAULT)
  TABLESPACE "USERS" ;
--------------------------------------------------------
--  DDL for Index SYS_C007302
--------------------------------------------------------

  CREATE UNIQUE INDEX "1234"."SYS_C007302" ON "1234"."FACTURA" ("ID_FACTURA") 
  PCTFREE 10 INITRANS 2 MAXTRANS 255 COMPUTE STATISTICS 
  STORAGE(INITIAL 65536 NEXT 1048576 MINEXTENTS 1 MAXEXTENTS 2147483645
  PCTINCREASE 0 FREELISTS 1 FREELIST GROUPS 1
  BUFFER_POOL DEFAULT FLASH_CACHE DEFAULT CELL_FLASH_CACHE DEFAULT)
  TABLESPACE "USERS" ;
--------------------------------------------------------
--  DDL for Index SYS_C007303
--------------------------------------------------------

  CREATE UNIQUE INDEX "1234"."SYS_C007303" ON "1234"."PRODUCTO" ("SYS_NC_OID$") 
  PCTFREE 10 INITRANS 2 MAXTRANS 255 COMPUTE STATISTICS 
  STORAGE(INITIAL 65536 NEXT 1048576 MINEXTENTS 1 MAXEXTENTS 2147483645
  PCTINCREASE 0 FREELISTS 1 FREELIST GROUPS 1
  BUFFER_POOL DEFAULT FLASH_CACHE DEFAULT CELL_FLASH_CACHE DEFAULT)
  TABLESPACE "USERS" ;
--------------------------------------------------------
--  DDL for Index SYS_C007304
--------------------------------------------------------

  CREATE UNIQUE INDEX "1234"."SYS_C007304" ON "1234"."PRODUCTO" ("ID_PRODUCTO") 
  PCTFREE 10 INITRANS 2 MAXTRANS 255 COMPUTE STATISTICS 
  STORAGE(INITIAL 65536 NEXT 1048576 MINEXTENTS 1 MAXEXTENTS 2147483645
  PCTINCREASE 0 FREELISTS 1 FREELIST GROUPS 1
  BUFFER_POOL DEFAULT FLASH_CACHE DEFAULT CELL_FLASH_CACHE DEFAULT)
  TABLESPACE "USERS" ;
--------------------------------------------------------
--  DDL for Index SYS_C007305
--------------------------------------------------------

  CREATE UNIQUE INDEX "1234"."SYS_C007305" ON "1234"."TRANSPORTISTA" ("SYS_NC_OID$") 
  PCTFREE 10 INITRANS 2 MAXTRANS 255 COMPUTE STATISTICS 
  STORAGE(INITIAL 65536 NEXT 1048576 MINEXTENTS 1 MAXEXTENTS 2147483645
  PCTINCREASE 0 FREELISTS 1 FREELIST GROUPS 1
  BUFFER_POOL DEFAULT FLASH_CACHE DEFAULT CELL_FLASH_CACHE DEFAULT)
  TABLESPACE "USERS" ;
--------------------------------------------------------
--  DDL for Index SYS_C007306
--------------------------------------------------------

  CREATE UNIQUE INDEX "1234"."SYS_C007306" ON "1234"."TRANSPORTISTA" ("ID_TRANSPORTISTA") 
  PCTFREE 10 INITRANS 2 MAXTRANS 255 COMPUTE STATISTICS 
  STORAGE(INITIAL 65536 NEXT 1048576 MINEXTENTS 1 MAXEXTENTS 2147483645
  PCTINCREASE 0 FREELISTS 1 FREELIST GROUPS 1
  BUFFER_POOL DEFAULT FLASH_CACHE DEFAULT CELL_FLASH_CACHE DEFAULT)
  TABLESPACE "USERS" ;
--------------------------------------------------------
--  DDL for Index SYS_C007307
--------------------------------------------------------

  CREATE UNIQUE INDEX "1234"."SYS_C007307" ON "1234"."PEDIDO" ("SYS_NC_OID$") 
  PCTFREE 10 INITRANS 2 MAXTRANS 255 COMPUTE STATISTICS 
  STORAGE(INITIAL 65536 NEXT 1048576 MINEXTENTS 1 MAXEXTENTS 2147483645
  PCTINCREASE 0 FREELISTS 1 FREELIST GROUPS 1
  BUFFER_POOL DEFAULT FLASH_CACHE DEFAULT CELL_FLASH_CACHE DEFAULT)
  TABLESPACE "USERS" ;
--------------------------------------------------------
--  DDL for Index SYS_C007308
--------------------------------------------------------

  CREATE UNIQUE INDEX "1234"."SYS_C007308" ON "1234"."PEDIDO" ("ID_PEDIDO") 
  PCTFREE 10 INITRANS 2 MAXTRANS 255 COMPUTE STATISTICS 
  STORAGE(INITIAL 65536 NEXT 1048576 MINEXTENTS 1 MAXEXTENTS 2147483645
  PCTINCREASE 0 FREELISTS 1 FREELIST GROUPS 1
  BUFFER_POOL DEFAULT FLASH_CACHE DEFAULT CELL_FLASH_CACHE DEFAULT)
  TABLESPACE "USERS" ;
--------------------------------------------------------
--  DDL for Index SYS_C007313
--------------------------------------------------------

  CREATE UNIQUE INDEX "1234"."SYS_C007313" ON "1234"."DETALLE_PEDIDO" ("SYS_NC_OID$") 
  PCTFREE 10 INITRANS 2 MAXTRANS 255 COMPUTE STATISTICS 
  STORAGE(INITIAL 65536 NEXT 1048576 MINEXTENTS 1 MAXEXTENTS 2147483645
  PCTINCREASE 0 FREELISTS 1 FREELIST GROUPS 1
  BUFFER_POOL DEFAULT FLASH_CACHE DEFAULT CELL_FLASH_CACHE DEFAULT)
  TABLESPACE "USERS" ;
--------------------------------------------------------
--  DDL for Index SYS_C007314
--------------------------------------------------------

  CREATE UNIQUE INDEX "1234"."SYS_C007314" ON "1234"."DETALLE_PEDIDO" ("ID_DETALLE") 
  PCTFREE 10 INITRANS 2 MAXTRANS 255 COMPUTE STATISTICS 
  STORAGE(INITIAL 65536 NEXT 1048576 MINEXTENTS 1 MAXEXTENTS 2147483645
  PCTINCREASE 0 FREELISTS 1 FREELIST GROUPS 1
  BUFFER_POOL DEFAULT FLASH_CACHE DEFAULT CELL_FLASH_CACHE DEFAULT)
  TABLESPACE "USERS" ;
--------------------------------------------------------
--  Constraints for Table DETALLE_PEDIDO
--------------------------------------------------------

  ALTER TABLE "1234"."DETALLE_PEDIDO" ADD UNIQUE ("SYS_NC_OID$") RELY
  USING INDEX PCTFREE 10 INITRANS 2 MAXTRANS 255 COMPUTE STATISTICS 
  STORAGE(INITIAL 65536 NEXT 1048576 MINEXTENTS 1 MAXEXTENTS 2147483645
  PCTINCREASE 0 FREELISTS 1 FREELIST GROUPS 1
  BUFFER_POOL DEFAULT FLASH_CACHE DEFAULT CELL_FLASH_CACHE DEFAULT)
  TABLESPACE "USERS"  ENABLE;
  ALTER TABLE "1234"."DETALLE_PEDIDO" ADD PRIMARY KEY ("ID_DETALLE")
  USING INDEX PCTFREE 10 INITRANS 2 MAXTRANS 255 COMPUTE STATISTICS 
  STORAGE(INITIAL 65536 NEXT 1048576 MINEXTENTS 1 MAXEXTENTS 2147483645
  PCTINCREASE 0 FREELISTS 1 FREELIST GROUPS 1
  BUFFER_POOL DEFAULT FLASH_CACHE DEFAULT CELL_FLASH_CACHE DEFAULT)
  TABLESPACE "USERS"  ENABLE;
--------------------------------------------------------
--  Constraints for Table EMPRESA
--------------------------------------------------------

  ALTER TABLE "1234"."EMPRESA" ADD UNIQUE ("SYS_NC_OID$") RELY
  USING INDEX PCTFREE 10 INITRANS 2 MAXTRANS 255 COMPUTE STATISTICS 
  STORAGE(INITIAL 65536 NEXT 1048576 MINEXTENTS 1 MAXEXTENTS 2147483645
  PCTINCREASE 0 FREELISTS 1 FREELIST GROUPS 1
  BUFFER_POOL DEFAULT FLASH_CACHE DEFAULT CELL_FLASH_CACHE DEFAULT)
  TABLESPACE "USERS"  ENABLE;
  ALTER TABLE "1234"."EMPRESA" ADD PRIMARY KEY ("CIF")
  USING INDEX PCTFREE 10 INITRANS 2 MAXTRANS 255 COMPUTE STATISTICS 
  STORAGE(INITIAL 65536 NEXT 1048576 MINEXTENTS 1 MAXEXTENTS 2147483645
  PCTINCREASE 0 FREELISTS 1 FREELIST GROUPS 1
  BUFFER_POOL DEFAULT FLASH_CACHE DEFAULT CELL_FLASH_CACHE DEFAULT)
  TABLESPACE "USERS"  ENABLE;
--------------------------------------------------------
--  Constraints for Table FACTURA
--------------------------------------------------------

  ALTER TABLE "1234"."FACTURA" ADD UNIQUE ("SYS_NC_OID$") RELY
  USING INDEX PCTFREE 10 INITRANS 2 MAXTRANS 255 COMPUTE STATISTICS 
  STORAGE(INITIAL 65536 NEXT 1048576 MINEXTENTS 1 MAXEXTENTS 2147483645
  PCTINCREASE 0 FREELISTS 1 FREELIST GROUPS 1
  BUFFER_POOL DEFAULT FLASH_CACHE DEFAULT CELL_FLASH_CACHE DEFAULT)
  TABLESPACE "USERS"  ENABLE;
  ALTER TABLE "1234"."FACTURA" ADD PRIMARY KEY ("ID_FACTURA")
  USING INDEX PCTFREE 10 INITRANS 2 MAXTRANS 255 COMPUTE STATISTICS 
  STORAGE(INITIAL 65536 NEXT 1048576 MINEXTENTS 1 MAXEXTENTS 2147483645
  PCTINCREASE 0 FREELISTS 1 FREELIST GROUPS 1
  BUFFER_POOL DEFAULT FLASH_CACHE DEFAULT CELL_FLASH_CACHE DEFAULT)
  TABLESPACE "USERS"  ENABLE;
--------------------------------------------------------
--  Constraints for Table PEDIDO
--------------------------------------------------------

  ALTER TABLE "1234"."PEDIDO" ADD UNIQUE ("SYS_NC_OID$") RELY
  USING INDEX PCTFREE 10 INITRANS 2 MAXTRANS 255 COMPUTE STATISTICS 
  STORAGE(INITIAL 65536 NEXT 1048576 MINEXTENTS 1 MAXEXTENTS 2147483645
  PCTINCREASE 0 FREELISTS 1 FREELIST GROUPS 1
  BUFFER_POOL DEFAULT FLASH_CACHE DEFAULT CELL_FLASH_CACHE DEFAULT)
  TABLESPACE "USERS"  ENABLE;
  ALTER TABLE "1234"."PEDIDO" ADD PRIMARY KEY ("ID_PEDIDO")
  USING INDEX PCTFREE 10 INITRANS 2 MAXTRANS 255 COMPUTE STATISTICS 
  STORAGE(INITIAL 65536 NEXT 1048576 MINEXTENTS 1 MAXEXTENTS 2147483645
  PCTINCREASE 0 FREELISTS 1 FREELIST GROUPS 1
  BUFFER_POOL DEFAULT FLASH_CACHE DEFAULT CELL_FLASH_CACHE DEFAULT)
  TABLESPACE "USERS"  ENABLE;
--------------------------------------------------------
--  Constraints for Table PRODUCTO
--------------------------------------------------------

  ALTER TABLE "1234"."PRODUCTO" ADD UNIQUE ("SYS_NC_OID$") RELY
  USING INDEX PCTFREE 10 INITRANS 2 MAXTRANS 255 COMPUTE STATISTICS 
  STORAGE(INITIAL 65536 NEXT 1048576 MINEXTENTS 1 MAXEXTENTS 2147483645
  PCTINCREASE 0 FREELISTS 1 FREELIST GROUPS 1
  BUFFER_POOL DEFAULT FLASH_CACHE DEFAULT CELL_FLASH_CACHE DEFAULT)
  TABLESPACE "USERS"  ENABLE;
  ALTER TABLE "1234"."PRODUCTO" ADD PRIMARY KEY ("ID_PRODUCTO")
  USING INDEX PCTFREE 10 INITRANS 2 MAXTRANS 255 COMPUTE STATISTICS 
  STORAGE(INITIAL 65536 NEXT 1048576 MINEXTENTS 1 MAXEXTENTS 2147483645
  PCTINCREASE 0 FREELISTS 1 FREELIST GROUPS 1
  BUFFER_POOL DEFAULT FLASH_CACHE DEFAULT CELL_FLASH_CACHE DEFAULT)
  TABLESPACE "USERS"  ENABLE;
--------------------------------------------------------
--  Constraints for Table TRANSPORTISTA
--------------------------------------------------------

  ALTER TABLE "1234"."TRANSPORTISTA" ADD UNIQUE ("SYS_NC_OID$") RELY
  USING INDEX PCTFREE 10 INITRANS 2 MAXTRANS 255 COMPUTE STATISTICS 
  STORAGE(INITIAL 65536 NEXT 1048576 MINEXTENTS 1 MAXEXTENTS 2147483645
  PCTINCREASE 0 FREELISTS 1 FREELIST GROUPS 1
  BUFFER_POOL DEFAULT FLASH_CACHE DEFAULT CELL_FLASH_CACHE DEFAULT)
  TABLESPACE "USERS"  ENABLE;
  ALTER TABLE "1234"."TRANSPORTISTA" ADD PRIMARY KEY ("ID_TRANSPORTISTA")
  USING INDEX PCTFREE 10 INITRANS 2 MAXTRANS 255 COMPUTE STATISTICS 
  STORAGE(INITIAL 65536 NEXT 1048576 MINEXTENTS 1 MAXEXTENTS 2147483645
  PCTINCREASE 0 FREELISTS 1 FREELIST GROUPS 1
  BUFFER_POOL DEFAULT FLASH_CACHE DEFAULT CELL_FLASH_CACHE DEFAULT)
  TABLESPACE "USERS"  ENABLE;
--------------------------------------------------------
--  Ref Constraints for Table PEDIDO
--------------------------------------------------------

  ALTER TABLE "1234"."PEDIDO" ADD CONSTRAINT "FK_PEDIDO_EMPRESA" FOREIGN KEY ("CIF")
	  REFERENCES "1234"."EMPRESA" ("CIF") ENABLE;
  ALTER TABLE "1234"."PEDIDO" ADD CONSTRAINT "FK_PEDIDO_FACTURA" FOREIGN KEY ("ID_FACTURA")
	  REFERENCES "1234"."FACTURA" ("ID_FACTURA") ENABLE;
  ALTER TABLE "1234"."PEDIDO" ADD CONSTRAINT "FK_PEDIDO_TRANSPORTISTA_RECOGIDA" FOREIGN KEY ("ID_TRANSPORTISTA_RECOGIDA")
	  REFERENCES "1234"."TRANSPORTISTA" ("ID_TRANSPORTISTA") ENABLE;
  ALTER TABLE "1234"."PEDIDO" ADD CONSTRAINT "FK_PEDIDO_TRANSPORTISTA_ENTREGA" FOREIGN KEY ("ID_TRANSPORTISTA_ENTREGA")
	  REFERENCES "1234"."TRANSPORTISTA" ("ID_TRANSPORTISTA") ENABLE;
